id,lambda,branch,alpha0,beta_plus0,beta_minus0,p_plus0,p_minus0,p_alpha0,momentum_rescale,tau_end,t_end,alpha_min,alpha_max,shear_max,shear_end,beta_max,wall_bounces,lyapunov_tau_bounded_only,recurrence,peaks_beta_plus,constraint_residual,steps,stop_reason,class
1,0,expanding,0.829389900,0.076824320,-0.076824320,91.397482,25.044276,-20.679776,3.984373,0.903183570,5.008706234e+0,-8.175538095,0.841944239,4.213639e+7,9.999372e-1,4.927615802,2,,0.955493625,1,5.348248e-10,2454,collapse,singular
2,0,expanding,0.608779799,-0.396351360,0.396351360,0.877980,-32.428748,-109.327967,1.000000,0.491837638,1.080873481e+1,-8.391996788,1.230699116,3.515109e+5,9.927293e-1,4.352315339,5,,0.111497429,0,3.272833e-10,2645,collapse,singular
3,0,expanding,0.388169699,0.230472960,-0.230472960,-21.183030,18.856879,-58.508541,1.000000,1.347387629,6.690460517e+0,-8.614418624,0.767739964,1.348341e+6,4.103047e-1,4.615329183,3,,0.346333285,0,1.008096e-9,4932,collapse,singular
4,0,expanding,0.167559598,-0.242702720,0.242702720,-43.244040,-19.857495,-46.061177,1.000000,0.535557916,7.881187326e+0,-8.837199806,0.808860544,1.371657e+6,8.383067e-1,7.174189692,6,,0.693248397,0,3.294238e-11,2315,collapse,singular
5,0,expanding,0.846949498,0.384121600,-0.384121600,24.694950,31.428131,-436.355910,1.000000,0.059871358,2.818128760e+1,-8.170196544,2.082738493,4.385996e+6,9.973114e-1,6.685133883,7,,1.000000000,0,2.566847e-11,2336,collapse,singular
6,0,expanding,0.626339398,-0.089054079,0.089054079,21.780911,-60.252331,-13.980857,8.269328,1.143800217,3.568143714e+0,-8.447070383,0.638127631,2.389539e+6,9.999550e-1,4.123786462,5,,0.921299483,1,2.866005e-11,1529,collapse,singular
7,0,expanding,0.405729297,0.537770241,-0.537770241,-19.427070,43.999383,-451.127873,1.000000,0.019840457,3.570068455e+1,-8.595176081,2.300634480,1.176192e+7,9.672817e-1,9.463020058,7,,1.000000000,0,4.902463e-12,2352,collapse,singular
8,0,expanding,0.185119197,0.064594561,-0.064594561,-41.488080,5.285010,-32.677963,1.000000,1.974681894,4.544557416e+0,-8.836528579,0.530026311,5.757280e+5,9.997973e-1,5.215606496,4,,0.771516510,0,9.189799e-10,5059,collapse,singular
9,0,expanding,0.864509097,-0.408581119,0.408581119,26.450910,-33.429364,-193.367349,1.000000,0.117085674,1.478688360e+1,-8.136832469,1.525115378,5.457614e+6,6.669717e-1,7.605348050,5,,1.000000000,0,2.237297e-10,3103,collapse,singular
10,0,expanding,0.643898996,0.218243201,-0.218243201,4.389900,17.856262,-75.166223,1.000000,0.759149752,8.239807806e+0,-8.422323682,0.978441126,2.820154e+6,9.999898e-1,3.074736107,7,,0.146478320,0,1.967913e-10,2455,collapse,singular
11,0,expanding,0.423288896,-0.254932479,0.254932479,-17.671110,-20.858112,-23.618529,1.000000,0.524346214,4.573696886e+0,-8.581756300,0.574665348,6.809336e+6,8.725675e-1,7.666105117,5,,0.134292805,0,1.243707e-11,1815,collapse,singular
12,0,expanding,0.202678795,0.371891841,-0.371891841,-39.732120,30.427514,-121.532426,1.000000,0.425872518,1.806512074e+1,-8.802769298,1.232618367,4.692152e+7,7.004190e-1,4.912102915,5,,0.275412946,0,3.623072e-10,4349,collapse,singular
13,0,expanding,0.882068695,-0.101283839,0.101283839,100.928491,-29.651650,-22.955216,3.578153,0.709831896,4.172442065e+0,-8.121828333,0.893633905,6.947092e+5,5.026101e-1,4.566414203,3,,1.046452727,0,1.695427e-10,2208,collapse,singular
14,0,expanding,0.661458595,0.525540481,-0.525540481,6.145859,42.998767,-698.929677,1.000000,0.019894633,4.306078707e+1,-8.344157466,2.517049866,1.398262e+6,9.990477e-1,8.663985355,7,,1.000000000,0,2.469999e-11,2698,collapse,singular
15,0,contracting,0.829389900,0.076824320,-0.076824320,91.397482,25.044276,20.679776,3.984373,0.712594574,2.875975427e+0,-8.238638589,0.829389900,2.100000e+1,9.999995e-1,4.988718508,2,,1.087727938,0,6.968235e-11,1946,collapse,singular
16,0,contracting,0.608779799,-0.396351360,0.396351360,0.877980,-32.428748,109.327967,1.000000,0.369556119,8.278410183e-1,-8.433449095,0.608779799,1.098901e+0,9.998484e-1,5.145558400,3,,0.213095564,0,6.911408e-12,1372,collapse,singular
17,0,contracting,0.388169699,0.230472960,-0.230472960,-21.183030,18.856879,58.508541,1.000000,0.158050405,7.040757777e-1,-8.613198975,0.388169699,1.189685e+0,9.979377e-1,8.616241125,1,,1.000000000,0,5.714555e-13,721,collapse,singular
18,0,contracting,0.167559598,-0.242702720,0.242702720,-43.244040,-19.857495,46.061177,1.000000,1.165571062,5.787321482e-1,-8.850194640,0.167559598,1.067276e+0,9.999972e-1,4.813849029,3,,1.019545277,0,2.916387e-11,1307,collapse,singular
19,0,contracting,0.846949498,0.384121600,-0.384121600,24.694950,31.428131,436.355910,1.000000,0.032808940,4.661421077e-1,-8.155256029,0.846949498,1.010596e+0,9.745759e-1,8.186343840,1,,1.000000000,0,1.651589e-12,543,collapse,singular
20,0,contracting,0.626339398,-0.089054079,0.089054079,21.780911,-60.252331,13.980857,8.269328,1.258732414,2.375895866e+0,-8.378637672,0.626339398,2.100000e+1,9.998457e-1,3.236891556,5,,0.958290040,0,3.004965e-11,1578,collapse,singular
21,0,contracting,0.405729297,0.537770241,-0.537770241,-19.427070,43.999383,451.127873,1.000000,0.028203276,1.208168958e-1,-8.665581264,0.405729297,1.000773e+0,9.983339e-1,8.222860341,1,,1.000000000,0,1.242476e-12,253,collapse,singular
22,0,contracting,0.185119197,0.064594561,-0.064594561,-41.488080,5.285010,32.677963,1.000000,0.882919887,6.816149138e-1,-8.815508790,0.185119197,1.638052e+0,6.103235e-1,6.472264412,3,,1.091858436,0,5.280759e-12,1120,collapse,singular
23,0,contracting,0.864509097,-0.408581119,0.408581119,26.450910,-33.429364,193.367349,1.000000,0.222568161,1.010337295e+0,-8.136512482,0.864509097,1.085416e+0,8.484674e-1,4.158807833,4,,0.180861045,0,9.743464e-12,1422,collapse,singular
24,0,contracting,0.643898996,0.218243201,-0.218243201,4.389900,17.856262,75.166223,1.000000,0.446417462,1.197940691e+0,-8.362279681,0.643898996,1.332568e+0,9.903522e-1,6.294591577,2,,0.079415999,1,1.727702e-11,1766,collapse,singular
25,0,contracting,0.423288896,-0.254932479,0.254932479,-17.671110,-20.858112,23.618529,1.000000,1.620803747,1.556063347e+0,-8.616414409,0.423288896,2.150755e+0,9.999959e-1,4.335658273,2,,0.663546484,0,1.135821e-10,1916,collapse,singular
26,0,contracting,0.202678795,0.371891841,-0.371891841,-39.732120,30.427514,121.532426,1.000000,0.096068122,2.196177575e-1,-8.800088575,0.202678795,1.010591e+0,9.851185e-1,8.313666533,1,,1.000000000,0,1.115864e-12,416,collapse,singular
27,0,contracting,0.882068695,-0.101283839,0.101283839,100.928491,-29.651650,22.955216,3.578153,0.719710533,2.669133820e+0,-8.213849921,0.882068695,2.100000e+1,9.994657e-1,3.299351845,3,,1.019137622,0,1.272772e-10,2155,collapse,singular
28,0,contracting,0.661458595,0.525540481,-0.525540481,6.145859,42.998767,698.929677,1.000000,0.018880358,1.705764690e-1,-8.345413770,0.661458595,1.000954e+0,9.969653e-1,8.142242719,1,,1.000000000,0,1.283405e-12,320,collapse,singular
29,0.08,expanding,0.829389900,0.076824320,-0.076824320,54.666629,14.979473,-12.368980,2.383131,0.011693866,4.243361229e+1,0.829389900,6.832474829,2.100000e+1,1.085533e-11,0.265254834,3,,1.000000000,0,2.624443e-13,2054,de Sitter escape,transient
30,0.08,expanding,0.608779799,-0.396351360,0.396351360,0.877980,-32.428748,-115.821751,1.000000,0.005185857,3.591749845e+1,0.608779799,6.609582630,9.669753e-1,4.703749e-11,0.560525469,0,,1.000000000,0,2.635887e-13,1841,de Sitter escape,transient
31,0.08,expanding,0.388169699,0.230472960,-0.230472960,-21.183030,18.856879,-61.744585,1.000000,0.012748114,3.764194704e+1,0.388169699,6.390120841,1.865327e+0,2.552780e-10,0.422865312,2,,1.000000000,0,2.634970e-13,1998,de Sitter escape,transient
32,0.08,expanding,0.167559598,-0.242702720,0.242702720,-43.244040,-19.857495,-47.172093,1.000000,0.016141574,3.643845389e+1,0.167559598,6.168447963,1.483178e+0,4.603646e-10,0.385994626,3,,1.000000000,0,2.627567e-13,2005,de Sitter escape,transient
33,0.08,expanding,0.846949498,0.384121600,-0.384121600,24.694950,31.428131,-443.294541,1.000000,0.001526066,3.381318994e+1,0.846949498,6.849248270,8.556542e-1,4.194235e-11,0.543229977,2,,1.000000000,0,2.622212e-13,1610,de Sitter escape,transient
34,0.08,expanding,0.626339398,-0.089054079,0.089054079,16.651298,-46.062330,-10.688231,6.321822,1.574006990,6.248994611e+0,-8.375152421,0.643371157,1.411990e+6,9.493621e-1,4.865523602,5,,0.904651047,2,1.945418e-10,2626,collapse,singular
35,0.08,expanding,0.405729297,0.537770241,-0.537770241,-19.427070,43.999383,-451.606841,1.000000,0.002032771,3.084993355e+1,0.405729297,6.407336430,9.778310e-1,3.809690e-9,0.760521968,2,,1.000000000,0,2.631034e-13,1559,de Sitter escape,transient
36,0.08,expanding,0.185119197,0.064594561,-0.064594561,-41.488080,5.285010,-34.393772,1.000000,0.033047471,4.138568166e+1,0.185119197,6.187105172,1.136736e+1,6.079688e-10,0.439120905,4,,1.000000000,0,2.602373e-13,2635,de Sitter escape,transient
37,0.08,expanding,0.864509097,-0.408581119,0.408581119,26.450910,-33.429364,-210.172920,1.000000,0.002595915,3.571788922e+1,0.864509097,6.867544613,8.216564e-1,1.071395e-10,0.577820960,0,,1.000000000,0,2.644392e-13,1797,de Sitter escape,transient
38,0.08,expanding,0.643898996,0.218243201,-0.218243201,4.389900,17.856262,-86.342223,1.000000,0.006530946,3.736833468e+1,0.643898996,6.644568041,1.232282e+0,7.510831e-11,0.308642495,2,,1.000000000,0,2.636213e-13,1780,de Sitter escape,transient
39,0.08,expanding,0.423288896,-0.254932479,0.254932479,-17.671110,-20.858112,-32.221999,1.000000,0.020026568,4.137743554e+1,0.423288896,6.426010355,4.695515e+0,1.458248e-10,0.360528969,4,,1.000000000,0,2.663084e-13,2127,de Sitter escape,transient
40,0.08,expanding,0.202678795,0.371891841,-0.371891841,-39.732120,30.427514,-122.057361,1.000000,0.007800029,3.366415988e+1,0.202678795,6.203920874,1.139721e+0,3.516903e-10,0.525934486,2,,1.000000000,0,2.610040e-13,1801,de Sitter escape,transient
41,0.08,expanding,0.882068695,-0.101283839,0.101283839,53.881448,-15.829761,-12.254818,1.910224,0.010981276,4.286971576e+1,0.882068695,6.882868818,2.472646e+1,3.289571e-12,0.217622799,2,,1.000000000,0,2.627659e-13,2001,de Sitter escape,transient
42,0.08,expanding,0.661458595,0.525540481,-0.525540481,6.145859,42.998767,-700.362952,1.000000,0.001203480,3.143716184e+1,0.661458595,6.663858446,9.397682e-1,2.834816e-10,0.743226476,4,,1.000000000,0,2.592294e-13,1553,de Sitter escape,transient
43,0.08,contracting,0.829389900,0.076824320,-0.076824320,54.666629,14.979473,12.368980,2.383131,0.287427189,1.078347427e+1,-8.172357800,0.829389900,8.943219e+3,9.781262e-1,8.576753319,4,,0.334236085,0,4.637140e-12,4596,collapse,singular
44,0.08,contracting,0.608779799,-0.396351360,0.396351360,0.877980,-32.428748,115.821751,1.000000,0.345903405,8.129373114e-1,-8.394429740,0.608779799,1.057496e+0,9.996077e-1,5.306013149,3,,0.224036874,0,5.088831e-12,1374,collapse,singular
45,0.08,contracting,0.388169699,0.230472960,-0.230472960,-21.183030,18.856879,61.744585,1.000000,0.158679614,6.927169891e-1,-8.613613207,0.388169699,1.147907e+0,9.952277e-1,8.605962090,1,,1.000000000,0,6.033701e-13,713,collapse,singular
46,0.08,contracting,0.167559598,-0.242702720,0.242702720,-43.244040,-19.857495,47.172093,1.000000,1.191569430,5.743382189e-1,-8.839419856,0.167559598,1.042613e+0,9.999995e-1,4.758892836,3,,1.014468210,0,3.076365e-11,1307,collapse,singular
47,0.08,contracting,0.846949498,0.384121600,-0.384121600,24.694950,31.428131,443.294541,1.000000,0.032906394,4.639210876e-1,-8.155788880,0.846949498,1.007399e+0,9.738363e-1,8.183074400,1,,1.000000000,0,1.702008e-12,542,collapse,singular
48,0.08,contracting,0.626339398,-0.089054079,0.089054079,16.651298,-46.062330,10.688231,6.321822,1.766628052,3.376476490e+0,-8.413546109,0.626339398,2.100000e+1,9.997584e-1,3.950505929,5,,0.981797483,0,1.409033e-10,2114,collapse,singular
49,0.08,contracting,0.405729297,0.537770241,-0.537770241,-19.427070,43.999383,451.606841,1.000000,0.028222018,1.207774767e-1,-8.669839985,0.405729297,1.000708e+0,9.983344e-1,8.226863485,1,,1.000000000,0,1.244805e-12,253,collapse,singular
50,0.08,contracting,0.185119197,0.064594561,-0.064594561,-41.488080,5.285010,34.393772,1.000000,0.884323880,6.694743740e-1,-8.819076659,0.185119197,1.478693e+0,7.388980e-1,6.450413667,3,,1.097343552,0,4.447562e-12,1101,collapse,singular
51,0.08,contracting,0.864509097,-0.408581119,0.408581119,26.450910,-33.429364,210.172920,1.000000,0.229470832,9.830266797e-1,-8.138099787,0.864509097,1.022050e+0,9.843642e-1,4.313704013,2,,0.161846418,0,1.020171e-11,1465,collapse,singular
52,0.08,contracting,0.643898996,0.218243201,-0.218243201,4.389900,17.856262,86.342223,1.000000,0.392369974,1.149367842e+0,-8.356433594,0.643898996,1.198556e+0,7.232320e-1,6.565262307,2,,0.083594895,1,4.172140e-12,1722,collapse,singular
53,0.08,contracting,0.423288896,-0.254932479,0.254932479,-17.671110,-20.858112,32.221999,1.000000,1.553188369,1.436365450e+0,-8.634641383,0.423288896,1.620644e+0,9.999994e-1,4.942280422,2,,0.684949548,0,9.180702e-11,1910,collapse,singular
54,0.08,contracting,0.202678795,0.371891841,-0.371891841,-39.732120,30.427514,122.057361,1.000000,0.096150408,2.193165391e-1,-8.803045144,0.202678795,1.009743e+0,9.851287e-1,8.315519661,1,,1.000000000,0,1.135783e-12,416,collapse,singular
55,0.08,contracting,0.882068695,-0.101283839,0.101283839,53.881448,-15.829761,12.254818,1.910224,0.868409855,1.219045140e+1,-8.118497232,0.882068695,1.311008e+2,9.751645e-1,6.556690972,7,,0.793403447,0,2.016234e-10,2829,collapse,singular
56,0.08,contracting,0.661458595,0.525540481,-0.525540481,6.145859,42.998767,700.362952,1.000000,0.018894017,1.704702333e-1,-8.348196123,0.661458595,1.000811e+0,9.969657e-1,8.144512307,1,,1.000000000,0,1.293774e-12,320,collapse,singular
57,0.2,expanding,0.829389900,0.076824320,-0.076824320,22.938990,6.285626,-75.800506,1.000000,0.003640678,2.406522553e+1,0.829389900,6.830327582,9.845706e-2,4.661033e-12,0.115123842,1,,1.000000000,0,2.631135e-13,1611,de Sitter escape,transient
58,0.2,expanding,0.608779799,-0.396351360,0.396351360,0.877980,-32.428748,-124.931134,1.000000,0.003925610,2.271725654e+1,0.608779799,6.610663860,6.530760e-1,4.728117e-11,0.560525469,0,,1.000000000,0,2.630294e-13,1773,de Sitter escape,transient
59,0.2,expanding,0.388169699,0.230472960,-0.230472960,-21.183030,18.856879,-66.303169,1.000000,0.008400384,2.326691262e+1,0.388169699,6.389365213,9.236194e-1,4.807494e-11,0.325937986,2,,1.000000000,0,2.639069e-13,1615,de Sitter escape,transient
60,0.2,expanding,0.167559598,-0.242702720,0.242702720,-43.244040,-19.857495,-48.791063,1.000000,0.012118520,2.263272511e+1,0.167559598,6.169337469,9.511878e-1,2.301966e-10,0.385630899,5,,1.000000000,0,2.649914e-13,1755,de Sitter escape,transient
61,0.2,expanding,0.846949498,0.384121600,-0.384121600,24.694950,31.428131,-453.503479,1.000000,0.001278244,2.182287765e+1,0.846949498,6.848080552,6.568828e-1,1.721702e-10,0.543229977,2,,1.000000000,0,2.630848e-13,1585,de Sitter escape,transient
62,0.2,expanding,0.626339398,-0.089054079,0.089054079,2.633940,-7.286243,-14.561709,1.000000,0.009765460,2.528954083e+1,0.626339398,6.626469183,3.096932e-1,3.678744e-12,0.125941487,2,,1.000000000,0,2.615960e-13,1658,de Sitter escape,transient
63,0.2,expanding,0.405729297,0.537770241,-0.537770241,-19.427070,43.999383,-452.324343,1.000000,0.001831084,2.006844396e+1,0.405729297,6.408386338,9.100407e-1,2.013050e-10,0.760521968,2,,1.000000000,0,2.634338e-13,1519,de Sitter escape,transient
64,0.2,expanding,0.185119197,0.064594561,-0.064594561,-41.488080,5.285010,-36.817862,1.000000,0.017196019,2.375722167e+1,0.185119197,6.187525726,1.444292e+0,8.291599e-11,0.231648299,4,,1.000000000,0,2.644174e-13,1743,de Sitter escape,transient
65,0.2,expanding,0.864509097,-0.408581119,0.408581119,26.450910,-33.429364,-233.120662,1.000000,0.001954846,2.277592185e+1,0.864509097,6.868118425,5.103866e-1,1.496434e-11,0.577820960,0,,1.000000000,0,2.629063e-13,1728,de Sitter escape,transient
66,0.2,expanding,0.643898996,0.218243201,-0.218243201,4.389900,17.856262,-100.809262,1.000000,0.004339305,2.325886122e+1,0.643898996,6.644014920,5.420203e-1,2.135164e-11,0.308642495,2,,1.000000000,0,2.645433e-13,1630,de Sitter escape,transient
67,0.2,expanding,0.423288896,-0.254932479,0.254932479,-17.671110,-20.858112,-41.939130,1.000000,0.009732657,2.381207358e+1,0.423288896,6.425127164,6.678145e-1,1.471371e-11,0.360528969,0,,1.000000000,0,2.654020e-13,1734,de Sitter escape,transient
68,0.2,expanding,0.202678795,0.371891841,-0.371891841,-39.732120,30.427514,-122.840558,1.000000,0.006476826,2.153881757e+1,0.202678795,6.202914041,9.568981e-1,8.320823e-11,0.525934486,2,,1.000000000,0,2.647453e-13,1555,de Sitter escape,transient
69,0.2,expanding,0.882068695,-0.101283839,0.101283839,28.206870,-8.286860,-95.726327,1.000000,0.003008324,2.396550124e+1,0.882068695,6.882660237,9.531163e-2,9.186113e-13,0.143236978,0,,1.000000000,0,2.629816e-13,1588,de Sitter escape,transient
70,0.2,expanding,0.661458595,0.525540481,-0.525540481,6.145859,42.998767,-702.507380,1.000000,0.001075240,2.045299988e+1,0.661458595,6.665099750,8.522295e-1,5.869399e-10,0.743226476,2,,1.000000000,0,2.629987e-13,1539,de Sitter escape,transient
71,0.2,contracting,0.829389900,0.076824320,-0.076824320,22.938990,6.285626,75.800506,1.000000,0.099450305,3.827654902e+1,0.304445000,6.832327745,8.022519e+5,3.367571e-12,0.355483996,7,,1.000000000,0,5.707900e-13,3420,de Sitter escape,transient
72,0.2,contracting,0.608779799,-0.396351360,0.396351360,0.877980,-32.428748,124.931134,1.000000,0.323721105,7.931523534e-1,-8.422776129,0.608779799,1.009701e+0,9.989198e-1,5.645601240,3,,0.239617023,0,3.339944e-12,1352,collapse,singular
73,0.2,contracting,0.388169699,0.230472960,-0.230472960,-21.183030,18.856879,66.303169,1.000000,0.159618021,6.774612109e-1,-8.617245231,0.388169699,1.100529e+0,9.906605e-1,8.594904644,1,,1.000000000,0,6.573510e-13,702,collapse,singular
74,0.2,contracting,0.167559598,-0.242702720,0.242702720,-43.244040,-19.857495,48.791063,1.000000,1.231834132,5.680571720e-1,-8.841861874,0.167559598,1.038228e+0,1.000000e+0,4.680669200,3,,1.007504218,0,3.348323e-11,1307,collapse,singular
75,0.2,contracting,0.846949498,0.384121600,-0.384121600,24.694950,31.428131,453.503479,1.000000,0.033074988,4.607012816e-1,-8.162164442,0.846949498,1.003289e+0,9.729468e-1,8.183696701,1,,1.000000000,0,1.769819e-12,541,collapse,singular
76,0.2,contracting,0.626339398,-0.089054079,0.089054079,2.633940,-7.286243,14.561709,1.000000,0.018932597,2.741804409e+1,0.597342093,6.627630668,4.130732e+6,1.747584e-12,0.125941487,2,,1.000000000,0,2.636172e-13,1859,de Sitter escape,transient
77,0.2,contracting,0.405729297,0.537770241,-0.537770241,-19.427070,43.999383,452.324343,1.000000,0.028249908,1.207184859e-1,-8.676157590,0.405729297,1.000611e+0,9.983352e-1,8.232798610,1,,1.000000000,0,1.256574e-12,253,collapse,singular
78,0.2,contracting,0.185119197,0.064594561,-0.064594561,-41.488080,5.285010,36.817862,1.000000,0.886191840,6.531182545e-1,-8.815876539,0.185119197,1.290388e+0,8.633118e-1,6.408872430,3,,1.103362154,0,3.917208e-12,1080,collapse,singular
79,0.2,contracting,0.864509097,-0.408581119,0.408581119,26.450910,-33.429364,233.120662,1.000000,0.232979502,9.485960209e-1,-8.144726630,0.864509097,1.000251e+0,9.988917e-1,4.599614847,2,,0.138346265,0,8.348122e-12,1475,collapse,singular
80,0.2,contracting,0.643898996,0.218243201,-0.218243201,4.389900,17.856262,100.809262,1.000000,0.346107325,1.093393430e+0,-8.358770514,0.643898996,1.083388e+0,1.257081e-1,6.866686871,1,,0.086860156,1,4.869253e-12,1587,collapse,singular
81,0.2,contracting,0.423288896,-0.254932479,0.254932479,-17.671110,-20.858112,41.939130,1.000000,1.387850161,1.327595937e+0,-8.595190607,0.423288896,1.320376e+0,9.998185e-1,5.340485765,2,,0.725819590,0,4.770873e-11,1894,collapse,singular
82,0.2,contracting,0.202678795,0.371891841,-0.371891841,-39.732120,30.427514,122.840558,1.000000,0.096275544,2.188689807e-1,-8.807661919,0.202678795,1.008546e+0,9.851401e-1,8.318491137,1,,1.000000000,0,1.173537e-12,416,collapse,singular
83,0.2,contracting,0.882068695,-0.101283839,0.101283839,28.206870,-8.286860,95.726327,1.000000,2.590595132,5.074211413e+0,-8.170092743,0.882068695,1.399515e+0,9.997173e-1,3.355346966,5,,0.730872836,1,3.352402e-11,1703,collapse,singular
84,0.2,contracting,0.661458595,0.525540481,-0.525540481,6.145859,42.998767,702.507380,1.000000,0.018914347,1.703115958e-1,-8.352307997,0.661458595,1.000607e+0,9.969661e-1,8.147858194,1,,1.000000000,0,1.312171e-12,320,collapse,singular
85,0.45,expanding,0.829389900,0.076824320,-0.076824320,22.938990,6.285626,-151.367294,1.000000,0.002074689,1.569883133e+1,0.829389900,6.832295583,2.469033e-2,9.481068e-13,0.114269080,1,,1.000000000,0,2.644592e-13,1576,de Sitter escape,transient
86,0.45,expanding,0.608779799,-0.396351360,0.396351360,0.877980,-32.428748,-142.044951,1.000000,0.002980710,1.524742097e+1,0.608779799,6.609790423,3.671782e-1,1.196202e-11,0.560525469,0,,1.000000000,0,2.629489e-13,1665,de Sitter escape,transient
87,0.45,expanding,0.388169699,0.230472960,-0.230472960,-21.183030,18.856879,-74.914527,1.000000,0.006030613,1.543308054e+1,0.388169699,6.390444258,4.921386e-1,8.531825e-12,0.325937986,2,,1.000000000,0,2.627405e-13,1586,de Sitter escape,transient
88,0.45,expanding,0.167559598,-0.242702720,0.242702720,-43.244040,-19.857495,-52.002286,1.000000,0.009564861,1.511113771e+1,0.167559598,6.169241383,8.373403e-1,7.637458e-11,0.384924460,1,,1.000000000,0,2.617958e-13,1681,de Sitter escape,transient
89,0.45,expanding,0.846949498,0.384121600,-0.384121600,24.694950,31.428131,-474.066516,1.000000,0.001061184,1.480044121e+1,0.846949498,6.847786887,4.636814e-1,3.129596e-11,0.543229977,0,,1.000000000,0,2.628240e-13,1589,de Sitter escape,transient
90,0.45,expanding,0.626339398,-0.089054079,0.089054079,2.633940,-7.286243,-72.723261,1.000000,0.004079065,1.584075490e+1,0.626339398,6.628147035,1.228487e-2,6.771941e-13,0.125941487,0,,1.000000000,0,2.675991e-13,1583,de Sitter escape,transient
91,0.45,expanding,0.405729297,0.537770241,-0.537770241,-19.427070,43.999383,-453.815494,1.000000,0.001649204,1.371110559e+1,0.405729297,6.406037586,8.290548e-1,5.240911e-10,0.760521968,2,,1.000000000,0,2.617194e-13,1524,de Sitter escape,transient
92,0.45,expanding,0.185119197,0.064594561,-0.064594561,-41.488080,5.285010,-41.414817,1.000000,0.012001355,1.558246468e+1,0.185119197,6.188908225,1.019826e+0,2.191731e-13,0.215923014,2,,1.000000000,0,2.657792e-13,1639,de Sitter escape,transient
93,0.45,expanding,0.864509097,-0.408581119,0.408581119,26.450910,-33.429364,-274.842014,1.000000,0.001456992,1.529786654e+1,0.864509097,6.865651894,2.622340e-1,2.033094e-11,0.577820960,0,,1.000000000,0,2.647352e-13,1614,de Sitter escape,transient
94,0.45,expanding,0.643898996,0.218243201,-0.218243201,4.389900,17.856262,-125.710740,1.000000,0.003038731,1.546356010e+1,0.643898996,6.646201440,2.217759e-1,1.172739e-11,0.308642495,0,,1.000000000,0,2.647050e-13,1600,de Sitter escape,transient
95,0.45,expanding,0.423288896,-0.254932479,0.254932479,-17.671110,-20.858112,-57.098252,1.000000,0.006332696,1.559770774e+1,0.423288896,6.423757165,2.292272e-1,2.211219e-11,0.360528969,0,,1.000000000,0,2.634284e-13,1656,de Sitter escape,transient
96,0.45,expanding,0.202678795,0.371891841,-0.371891841,-39.732120,30.427514,-124.456389,1.000000,0.005466372,1.456307327e+1,0.202678795,6.206320955,7.922898e-1,1.829750e-11,0.525934486,2,,1.000000000,0,2.609680e-13,1551,de Sitter escape,transient
97,0.45,expanding,0.882068695,-0.101283839,0.101283839,28.206870,-8.286860,-180.862146,1.000000,0.001754263,1.568035498e+1,0.882068695,6.885355506,2.642220e-2,5.842172e-13,0.143236978,0,,1.000000000,0,2.648495e-13,1575,de Sitter escape,transient
98,0.45,expanding,0.661458595,0.525540481,-0.525540481,6.145859,42.998767,-706.954048,1.000000,0.000958212,1.397266677e+1,0.661458595,6.663801432,7.510534e-1,2.641827e-10,0.743226476,2,,1.000000000,0,2.640883e-13,1551,de Sitter escape,transient
99,0.45,contracting,0.829389900,0.076824320,-0.076824320,22.938990,6.285626,151.367294,1.000000,0.807271599,3.549225454e+0,-8.172630235,0.829389900,1.674366e+0,8.155404e-1,7.757575739,2,,1.100671088,1,6.411152e-11,2784,collapse,singular
100,0.45,contracting,0.608779799,-0.396351360,0.396351360,0.877980,-32.428748,142.044951,1.000000,0.282131364,7.591165760e-1,-8.402565427,0.608779799,1.000214e+0,9.983529e-1,6.217498774,1,,0.268422003,0,6.326696e-13,1316,collapse,singular
101,0.45,contracting,0.388169699,0.230472960,-0.230472960,-21.183030,18.856879,74.914527,1.000000,0.161238295,6.507810667e-1,-8.616495048,0.388169699,1.040142e+0,9.831336e-1,8.567573832,1,,1.000000000,0,7.958475e-13,681,collapse,singular
102,0.45,contracting,0.167559598,-0.242702720,0.242702720,-43.244040,-19.857495,52.002286,1.000000,1.302919653,5.560078598e-1,-8.870670493,0.167559598,1.030642e+0,9.999999e-1,4.531795887,3,,0.995164708,0,3.808236e-11,1316,collapse,singular
103,0.45,contracting,0.846949498,0.384121600,-0.384121600,24.694950,31.428131,474.066516,1.000000,0.033336719,4.543834534e-1,-8.157769425,0.846949498,1.000000e+0,9.705764e-1,8.168426117,1,,1.000000000,0,1.905804e-12,538,collapse,singular
104,0.45,contracting,0.626339398,-0.089054079,0.089054079,2.633940,-7.286243,72.723261,1.000000,5.000000000,5.160083978e+0,-6.874672177,0.626339398,6.978230e+0,9.999031e-1,1.772651472,7,2.041928970,0.451408174,1,2.357113e-10,2431,window,chaotic
105,0.45,contracting,0.405729297,0.537770241,-0.537770241,-19.427070,43.999383,453.815494,1.000000,0.028306059,1.205961171e-1,-8.688705035,0.405729297,1.000425e+0,9.983368e-1,8.244553424,1,,1.000000000,0,1.267233e-12,253,collapse,singular
106,0.45,contracting,0.185119197,0.064594561,-0.064594561,-41.488080,5.285010,41.414817,1.000000,0.892315986,6.244190297e-1,-8.823226861,0.185119197,1.079075e+0,9.600534e-1,6.340511133,3,,1.103698101,0,4.043199e-12,1058,collapse,singular
107,0.45,contracting,0.864509097,-0.408581119,0.408581119,26.450910,-33.429364,274.842014,1.000000,0.218452255,8.931455248e-1,-8.139510426,0.864509097,1.000077e+0,9.997448e-1,5.144899473,2,,0.100696590,0,2.293840e-12,1446,collapse,singular
108,0.45,contracting,0.643898996,0.218243201,-0.218243201,4.389900,17.856262,125.710740,1.000000,0.320710396,1.011442490e+0,-8.359512350,0.643898996,1.000073e+0,9.015846e-1,7.065851903,1,,0.088902824,1,7.636209e-12,1480,collapse,singular
109,0.45,contracting,0.423288896,-0.254932479,0.254932479,-17.671110,-20.858112,57.098252,1.000000,1.189062579,1.195214772e+0,-8.579875248,0.423288896,1.110075e+0,7.772555e-1,5.363743790,3,,0.804776170,0,1.524410e-11,1708,collapse,singular
110,0.45,contracting,0.202678795,0.371891841,-0.371891841,-39.732120,30.427514,124.456389,1.000000,0.096529635,2.179525645e-1,-8.816843026,0.202678795,1.006334e+0,9.851679e-1,8.324294881,1,,1.000000000,0,1.246831e-12,416,collapse,singular
111,0.45,contracting,0.882068695,-0.101283839,0.101283839,28.206870,-8.286860,180.862146,1.000000,1.680052316,2.694554715e+0,-8.140230233,0.882068695,1.003025e+0,9.999797e-1,4.151292077,3,,0.832115163,0,2.775000e-10,1627,collapse,singular
112,0.45,contracting,0.661458595,0.525540481,-0.525540481,6.145859,42.998767,706.954048,1.000000,0.018956212,1.699838240e-1,-8.360690078,0.661458595,1.000231e+0,9.969668e-1,8.154656096,1,,1.000000000,0,1.343040e-12,320,collapse,singular
